Bintang,txt,label
5,barang sampai ada baik ada cacat akan rangkai moga fungsi baik trims agan toko shopee kurir spx,Positive
5,cakep dah bakal sen sini ini buat ngetes codenya eh nyata jalan lancar,Positive
5,barang aman darat degan lancar respon y cepat udah jadi langgan toko barang y bagus bagus datang y cepat mantap bos q,Positive
5,barang sesuai pesan harga bagus kirim cepat terima kasih,Positive
5,produk baik sesuai deskripsi kirim produk sangat cepat packing produk sangat aman harga kompetitif recomended seller,Positive
5,barang sesuai pesan harga bagus kirim cepat terima kasih,Positive
5,barang terima sesuai deskripsi paking rapi terima kasih banyak,Positive
5,buat proyek diy murmer dpt diskon jadi happy everafter main teknologi,Positive
5,barang sesuai pesan harga bagus kirim cepat terima kasih,Positive
5,terimakasih buat sheller nya sangat respon ramah moga usaha ramai beli aamin,Positive
5,dh sya trima barang nya terimakasih,Positive
5,mantap dah langgan gak bakal kecewa belanja sini admin y respon cepat,Positive
1,wemosnya gagal produk rusak tdk kepake,Negative
5,bagus moga awet,Positive
5,pesan sesuai dgn deskripsi trmksh smoga usaha lancar,Positive
5,mantab bos gercep,Positive
5,di coba isi program semua lancar,Positive
5,mantep dah poko rekomended,Positive
5,maaf buat abang kurir jd nunggu lama brang cepet smp nya,Positive
5,brfungsi dg baik,Positive
